{
    "EnvironmentTemperature": 26.0,
    "Sunrise_Jan": 8.539999961853028,
    "Sunset_Jan": 15.520000457763672,
    "Sunrise_Jul": 3.259999990463257,
    "Sunset_Jul": 20.729999542236329,
    "MaxTemps": [
        30.0,
        30.0,
        30.0,
        30.0,
        30.0,
        30.0,
        30.0,
        30.0,
        30.0,
        30.0,
        30.0,
        30
    ],
    "MinTemps": [
		12.0,
		12.0,
		12.0,
		12.0,
		12.0,
		12.0,
		12.0,
		12.0,
		12.0,
		12.0,
		12.0,
		12.0
    ]
}